category;subdomain
Elektronik;Elektronik-cat.121
Komputer & Aksesoris;Komputer-Aksesoris-cat.134
Handphone & Aksesoris;Handphone-Aksesoris-cat.40
Pakaian Pria;Pakaian-Pria-cat.33
Tas Pria;Tas-Pria-cat.10217
Aksesoris Fashion;Aksesoris-Fashion-cat.38
Jam Tangan;Jam-Tangan-cat.37
Kesehatan;Kesehatan-cat.14780
Hobi & Koleksi;Hobi-Koleksi-cat.42
Makanan & Minuman;Makanan-Minuman-cat.157
Perawatan & Kecantikan;Perawatan-Kecantikan-cat.14840
Perlengkapan Rumah;Perlengkapan-Rumah-cat.46
Pakaian Wanita;Pakaian-Wanita-cat.32
Fashion Muslim;Fashion-Muslim-cat.43
Fashion Bayi & Anak;Fashion-Bayi-Anak-cat.14535
Ibu & Bayi;Ibu-Bayi-cat.45
Sepatu wanita;Sepatu-Wanita-cat.34
Tas Wanita;Tas-Wanita-cat.36
Otomotif;Otomotif-cat.155
Olahraga & Outdoor;Olahraga-Outdoor-cat.41
Buku & Alat Tulis;Buku-Alat-Tulis-cat.16049
Serba Serbi;Serba-Serbi-cat.135
Souvenir & Pesta;Souvenir-Pesta-cat.10226
Fotografi;Fotografi-cat.154
Voucher;Voucher-cat.2160
